[
  {
    "id": "8be6c22e-c51a-4264-a1d8-6a4a7395c06d",
    "data": [
      {
        "text": "1",
        "userDefined": false
      }
    ],
    "isTemplate": false,
    "count": 0,
    "lang": "pt-br",
    "updated": 0
  },
  {
    "id": "6735f334-8c76-4955-b7b8-fcafb60ab08f",
    "data": [
      {
        "text": "games",
        "userDefined": false
      }
    ],
    "isTemplate": false,
    "count": 0,
    "lang": "pt-br",
    "updated": 0
  },
  {
    "id": "44904476-bba0-49f8-abbf-4aa0c094ad2a",
    "data": [
      {
        "text": "partida",
        "userDefined": false
      }
    ],
    "isTemplate": false,
    "count": 0,
    "lang": "pt-br",
    "updated": 0
  },
  {
    "id": "66b435c3-456c-4d78-9673-2a37c3172996",
    "data": [
      {
        "text": "chesscom",
        "userDefined": false
      }
    ],
    "isTemplate": false,
    "count": 0,
    "lang": "pt-br",
    "updated": 0
  },
  {
    "id": "1a02601d-3b2c-4dae-956a-1c719c786655",
    "data": [
      {
        "text": "jogos",
        "userDefined": false
      }
    ],
    "isTemplate": false,
    "count": 0,
    "lang": "pt-br",
    "updated": 0
  },
  {
    "id": "d8704479-7186-458d-b127-d188db336980",
    "data": [
      {
        "text": "partidas",
        "userDefined": false
      }
    ],
    "isTemplate": false,
    "count": 0,
    "lang": "pt-br",
    "updated": 0
  }
]