[
  {
    "id": "c83e2519-49e3-4742-af76-f32b0e5c7aa3",
    "data": [
      {
        "text": "analisa",
        "meta": "@sys.person",
        "alias": "person",
        "userDefined": false
      }
    ],
    "isTemplate": false,
    "count": 0,
    "lang": "pt-br",
    "updated": 0
  },
  {
    "id": "f11ab7e1-3a9f-4dce-806e-d8f69b0ea7af",
    "data": [
      {
        "text": "2",
        "meta": "@ChessOption1",
        "alias": "chessoption1",
        "userDefined": false
      }
    ],
    "isTemplate": false,
    "count": 0,
    "lang": "pt-br",
    "updated": 0
  },
  {
    "id": "6c594467-030b-47f3-8d4d-0c9e5b988099",
    "data": [
      {
        "text": "analises",
        "userDefined": false
      }
    ],
    "isTemplate": false,
    "count": 0,
    "lang": "pt-br",
    "updated": 0
  },
  {
    "id": "ada85b47-f298-44f9-a5ed-3f57082c5012",
    "data": [
      {
        "text": "Chess Analises",
        "meta": "@ChessOption1",
        "alias": "chessoption1",
        "userDefined": false
      },
      {
        "text": ":",
        "userDefined": false
      }
    ],
    "isTemplate": false,
    "count": 0,
    "lang": "pt-br",
    "updated": 0
  }
]