[
  {
    "id": "ccaeb406-1fe2-46ce-825e-707fe8a2add7",
    "data": [
      {
        "text": "4",
        "meta": "@sys.number",
        "alias": "number",
        "userDefined": false
      }
    ],
    "isTemplate": false,
    "count": 0,
    "lang": "pt-br",
    "updated": 0
  },
  {
    "id": "ff7bd09c-3a54-4e9d-b045-dc405d204339",
    "data": [
      {
        "text": "volltar para o começo",
        "userDefined": false
      }
    ],
    "isTemplate": false,
    "count": 0,
    "lang": "pt-br",
    "updated": 0
  },
  {
    "id": "63a1c4af-d892-4f00-8545-66b0bbd48af2",
    "data": [
      {
        "text": "inicio",
        "userDefined": false
      }
    ],
    "isTemplate": false,
    "count": 0,
    "lang": "pt-br",
    "updated": 0
  },
  {
    "id": "5886d777-be3d-4041-b189-0dfe8f3c5d8b",
    "data": [
      {
        "text": "ola",
        "userDefined": false
      }
    ],
    "isTemplate": false,
    "count": 0,
    "lang": "pt-br",
    "updated": 0
  },
  {
    "id": "9de71013-7cba-483f-9bbe-5b4575144caa",
    "data": [
      {
        "text": "boa noite",
        "userDefined": false
      }
    ],
    "isTemplate": false,
    "count": 0,
    "lang": "pt-br",
    "updated": 0
  },
  {
    "id": "a30d938a-2b86-4c10-89c2-ae6e76ee6eda",
    "data": [
      {
        "text": "bom dia",
        "userDefined": false
      }
    ],
    "isTemplate": false,
    "count": 0,
    "lang": "pt-br",
    "updated": 0
  },
  {
    "id": "67466b23-1f0b-472f-958a-d72807e310e3",
    "data": [
      {
        "text": "tudo bem",
        "userDefined": false
      }
    ],
    "isTemplate": false,
    "count": 0,
    "lang": "pt-br",
    "updated": 0
  },
  {
    "id": "b9612714-0d08-4cd4-8142-51c00ca011e1",
    "data": [
      {
        "text": "fala",
        "userDefined": false
      }
    ],
    "isTemplate": false,
    "count": 0,
    "lang": "pt-br",
    "updated": 0
  },
  {
    "id": "4a70f790-84b0-4c39-ab65-8de0334c47d5",
    "data": [
      {
        "text": "ou",
        "userDefined": false
      }
    ],
    "isTemplate": false,
    "count": 0,
    "lang": "pt-br",
    "updated": 0
  },
  {
    "id": "fabfe89d-308c-4354-a3d8-3b18658b99f2",
    "data": [
      {
        "text": "aló",
        "userDefined": false
      }
    ],
    "isTemplate": false,
    "count": 0,
    "lang": "pt-br",
    "updated": 0
  },
  {
    "id": "7b74d4af-47f2-4d26-95c5-c4840683de3e",
    "data": [
      {
        "text": "ei",
        "userDefined": false
      }
    ],
    "isTemplate": false,
    "count": 0,
    "lang": "pt-br",
    "updated": 0
  },
  {
    "id": "7e94f492-aa24-4753-ae2b-e6ddfa148af3",
    "data": [
      {
        "text": "oi",
        "userDefined": false
      }
    ],
    "isTemplate": false,
    "count": 1,
    "lang": "pt-br",
    "updated": 0
  },
  {
    "id": "9ed81f44-df49-484d-8a6b-5f4d6ce92156",
    "data": [
      {
        "text": "olá",
        "userDefined": false
      }
    ],
    "isTemplate": false,
    "count": 1,
    "lang": "pt-br",
    "updated": 0
  }
]